{
  "dataset": "scifact",
  "results": [
    {
      "chunk_size": 256,
      "num_chunks": 6633,
      "recall@5": 0.7673333333333333,
      "recall@10": 0.8458888888888889
    },
    {
      "chunk_size": 512,
      "num_chunks": 5226,
      "recall@5": 0.7742777777777777,
      "recall@10": 0.8592222222222222
    },
    {
      "chunk_size": 1024,
      "num_chunks": 5188,
      "recall@5": 0.7742777777777777,
      "recall@10": 0.8592222222222222
    },
    {
      "chunk_size": 2048,
      "num_chunks": 5183,
      "recall@5": 0.7742777777777777,
      "recall@10": 0.8592222222222222
    }
  ]
}