{
  "faithfulness": {
    "n": 10,
    "mean": 0.9343078717589378,
    "std": 0.03914439088390576,
    "ci95_low": 0.9100459269275754,
    "ci95_high": 0.9585698165903003
  },
  "answer_relevancy": {
    "n": 10,
    "mean": 0.921547994017601,
    "std": 0.02230789272862203,
    "ci95_low": 0.9077214188566548,
    "ci95_high": 0.9353745691785472
  },
  "context_precision": {
    "n": 10,
    "mean": 0.90194650888443,
    "std": 0.033774166774860045,
    "ci95_low": 0.8810130634401735,
    "ci95_high": 0.9228799543286864
  },
  "context_recall": {
    "n": 10,
    "mean": 0.9666692346334458,
    "std": 0.05428943064785979,
    "ci95_low": 0.9330202969041322,
    "ci95_high": 1.0003181723627594
  }
}
