reranker,strategy,chunk_size,recall@5,mrr@5
disabled,vector,512,0.7742777777777777,0.6904999999999999
enabled,vector,512,0.78,0.6688333333333334
