strategy,chunk_size,recall@5,mrr@5
vector,512,0.7742777777777777,0.6904999999999999
bm25,512,0.6158333333333333,0.5131666666666667
hybrid,512,0.7392222222222222,0.6392777777777778
